name,stage,step,epoch,count,bpb
control,training_validation,600,,,1.869452695707406
control,training_validation,1200,,,1.7615759002714313
control,training_validation,1800,,,1.7248037901455637
control,training_validation,2400,,,1.7018606578385622
control,training_validation,3000,,,1.6864692196045974
control,training_validation,3600,,,1.6746806898754802
control,training_validation,4200,,,1.666474858163184
control,training_validation,4800,,,1.66001246730407
control,training_validation,5400,,,1.65638454434465
control,training_validation,6000,,,1.6525881635907116
control,training_validation,6600,,,1.647723626059384
control,training_validation,7200,,,1.6442280282491404
control,training_validation,7800,,,1.6452247283314512
control,training_validation,8400,,,1.6412458970722088
control,training_validation,9000,,,1.6449658984111961
control,training_validation,9600,,,1.6466210032068027
control,training_validation,10200,,,1.6473297914379434
control,training_validation,10800,,,1.6471027992281855
control,training_validation,11400,,,1.650948899590486
control,training_validation,12000,,,1.6533346887564102
control,average,,,1,1.6412458970722088
control,average,,,3,1.621124293832016
control,average,,,5,1.6140171753238663
control,average,,,7,1.6093393018444417
control,average,,,9,1.6075613207161201
control,gate_constant,,1,,1.5706636109122878
control,gate_constant,,2,,1.573375489583077
control,gate_constant,,3,,1.5744803769457112
control,gate_constant,,4,,1.574812863680148
control,gate_constant,,5,,1.574860541036453
control,gate_constant,,6,,1.5748985419145134
control,gate_constant,,7,,1.57484567457789
control,gate_constant,,8,,1.5747590715858084
control,gate_constant,,9,,1.5749025133057746
control,gate_constant,,10,,1.5750391092922817
control,gate_mlp,,1,,1.5495556919910798
control,gate_mlp,,2,,1.5479621273173338
control,gate_mlp,,3,,1.5478143311966213
control,gate_mlp,,4,,1.5468298494572539
control,gate_mlp,,5,,1.546503287358986
control,gate_mlp,,6,,1.547350105518003
control,gate_mlp,,7,,1.5464381626762882
control,gate_mlp,,8,,1.546259342722312
control,gate_mlp,,9,,1.5457409104975064
control,gate_mlp,,10,,1.5458830179335674
lr0008,training_validation,600,,,1.8827828954736452
lr0008,training_validation,1200,,,1.7688584440775426
lr0008,training_validation,1800,,,1.7231493559881728
lr0008,training_validation,2400,,,1.7011906291959715
lr0008,training_validation,3000,,,1.6858752925978644
lr0008,training_validation,3600,,,1.6708913854948424
lr0008,training_validation,4200,,,1.6561174489808184
lr0008,training_validation,4800,,,1.6523261977213715
lr0008,training_validation,5400,,,1.6474190000598217
lr0008,training_validation,6000,,,1.6441160747915673
lr0008,training_validation,6600,,,1.6421376661351608
lr0008,training_validation,7200,,,1.6402421431922165
lr0008,training_validation,7800,,,1.6402053317615575
lr0008,training_validation,8400,,,1.637467542267524
lr0008,training_validation,9000,,,1.64061226148739
lr0008,training_validation,9600,,,1.6412149819559996
lr0008,training_validation,10200,,,1.6426433954653394
lr0008,training_validation,10800,,,1.6427677335025324
lr0008,training_validation,11400,,,1.6438093052692981
lr0008,training_validation,12000,,,1.6464590398226773
lr0008,average,,,1,1.637467542267524
lr0008,average,,,3,1.6186973238148377
lr0008,average,,,5,1.6115144361153109
lr0008,average,,,7,1.6066899279425229
lr0008,average,,,9,1.605032626075642
lr0008,gate_constant,,1,,1.5706825567776939
lr0008,gate_constant,,2,,1.5732327757331874
lr0008,gate_constant,,3,,1.5742761541916657
lr0008,gate_constant,,4,,1.5745824912862407
lr0008,gate_constant,,5,,1.5746494024819375
lr0008,gate_constant,,6,,1.574624603442338
lr0008,gate_constant,,7,,1.5746635396883417
lr0008,gate_constant,,8,,1.5744999296775821
lr0008,gate_constant,,9,,1.5746720675688302
lr0008,gate_constant,,10,,1.574813174083603
lr0008,gate_mlp,,1,,1.5525643922531633
lr0008,gate_mlp,,2,,1.5506944237841838
lr0008,gate_mlp,,3,,1.550675226982526
lr0008,gate_mlp,,4,,1.5494001650181966
lr0008,gate_mlp,,5,,1.5491218742526167
lr0008,gate_mlp,,6,,1.550092554799954
lr0008,gate_mlp,,7,,1.5492730683322884
lr0008,gate_mlp,,8,,1.5488315128027064
lr0008,gate_mlp,,9,,1.5486922993751875
lr0008,gate_mlp,,10,,1.5485852013615717
wd020,training_validation,600,,,1.8710014580551269
wd020,training_validation,1200,,,1.764338175282408
wd020,training_validation,1800,,,1.7253701105472676
wd020,training_validation,2400,,,1.7040698765932312
wd020,training_validation,3000,,,1.684408745281362
wd020,training_validation,3600,,,1.6734898113728547
wd020,training_validation,4200,,,1.6634276254949796
wd020,training_validation,4800,,,1.657242034170924
wd020,training_validation,5400,,,1.6512351221380952
wd020,training_validation,6000,,,1.6447111889470158
wd020,training_validation,6600,,,1.6431329071021665
wd020,training_validation,7200,,,1.6367429747881805
wd020,training_validation,7800,,,1.6365850894080305
wd020,training_validation,8400,,,1.633417257343681
wd020,training_validation,9000,,,1.6353156375259144
wd020,training_validation,9600,,,1.6338014680236477
wd020,training_validation,10200,,,1.634809641490272
wd020,training_validation,10800,,,1.6351338458868132
wd020,training_validation,11400,,,1.637290960328106
wd020,training_validation,12000,,,1.638686120049316
wd020,average,,,1,1.633417257343681
wd020,average,,,3,1.6115568077161297
wd020,average,,,5,1.6053228987721708
wd020,average,,,7,1.602156627992361
wd020,average,,,9,1.6016732585562878
wd020,gate_constant,,1,,1.565584766847729
wd020,gate_constant,,2,,1.5678785306246426
wd020,gate_constant,,3,,1.5686595704191895
wd020,gate_constant,,4,,1.5688235233797971
wd020,gate_constant,,5,,1.568893612788482
wd020,gate_constant,,6,,1.5688993058745389
wd020,gate_constant,,7,,1.5688488497159838
wd020,gate_constant,,8,,1.5687517015143988
wd020,gate_constant,,9,,1.5688868113188719
wd020,gate_constant,,10,,1.569074407396387
wd020,gate_mlp,,1,,1.5431804505084894
wd020,gate_mlp,,2,,1.541420610176684
wd020,gate_mlp,,3,,1.5411102706605777
wd020,gate_mlp,,4,,1.5402940835882206
wd020,gate_mlp,,5,,1.5401304145658108
wd020,gate_mlp,,6,,1.540650744372342
wd020,gate_mlp,,7,,1.5396507574637897
wd020,gate_mlp,,8,,1.5397155064054577
wd020,gate_mlp,,9,,1.5391036331862922
wd020,gate_mlp,,10,,1.5394355175612906
gate-lr0005,gate_constant,,1,,1.5634853260068176
gate-lr0005,gate_constant,,2,,1.565640288250215
gate-lr0005,gate_constant,,3,,1.5672072739683145
gate-lr0005,gate_constant,,4,,1.5681773631720681
gate-lr0005,gate_constant,,5,,1.5686383623747433
gate-lr0005,gate_constant,,6,,1.5688093626825999
gate-lr0005,gate_constant,,7,,1.5688349084324582
gate-lr0005,gate_constant,,8,,1.5687902602064834
gate-lr0005,gate_constant,,9,,1.5688687479734253
gate-lr0005,gate_constant,,10,,1.5689705911181115
gate-lr0005,gate_mlp,,1,,1.543617857241696
gate-lr0005,gate_mlp,,2,,1.5425351693710423
gate-lr0005,gate_mlp,,3,,1.5420586853916805
gate-lr0005,gate_mlp,,4,,1.5411379635610187
gate-lr0005,gate_mlp,,5,,1.5410890366938994
gate-lr0005,gate_mlp,,6,,1.54111109614169
gate-lr0005,gate_mlp,,7,,1.5405330664367975
gate-lr0005,gate_mlp,,8,,1.5403801326668065
gate-lr0005,gate_mlp,,9,,1.5402765823295248
gate-lr0005,gate_mlp,,10,,1.5400648773128163
